abd al karim haj ismail, 287.0
achim stößl, 287.0
ahmad omairat, 287.0
albrecht karle, 287.0
alessio tamburro, 287.0
alex olivas, 287.0
alexander kappes, 287.0
alexander stasik, 287.0
ali r. fazely, 287.0
allan hallgren, 287.0
anatoli fedynitch, 287.0
andreas groß, 287.0
andreas homeier, 287.0
andreas tepe, 287.0
angel h. cruz silva, 287.0
anna bernhard, 287.0
anna franckowiak, 287.0
anna kriesten, 287.0
anna obertacke, 287.0
anne schukraft, 287.0
anthony m. brown, 287.0
aongus starbuck ó murchadha, 287.0
arne schönwald, 287.0
arne van overloop, 287.0
asen christov, 287.0
aya ishihara, 287.0
azriel goldschmidt, 287.0
bakhtiyar ruzybayev, 287.0
basho kaminsky, 287.0
benedikt riedel, 287.0
benjamin eberhardt, 287.0
björn eichmann, 287.0
brian john christy, 287.0
carl pfendner, 287.0
carlos a. argüelles delgado, 287.0
carlos pérez de los heros, 287.0
carsten rott, 287.0
catherine de clercq, 287.0
chad finley, 287.0
chang hyon ha, 287.0
chris sheremata, 287.0
christian bohm, 287.0
christian spiering, 287.0
christian walck, 287.0
christopher h. wendt, 287.0
christopher n. weaver, 287.0
christopher wiebusch, 287.0
claudio kopper, 287.0
d. jason koskinen, 287.0
damian pieloth, 287.0
daniel bindig, 287.0
dariusz góra, 287.0
darren grant, 287.0
david altmann, 287.0
david berley, 287.0
david heereman, 287.0
david j. boersma, 287.0
david r. nygren, 287.0
david schultz, 287.0
david seckel, 287.0
david z. besson, 287.0
dawn r. williams, 287.0
debanjan bose, 287.0
dennis soldin, 287.0
dirk heinen, 287.0
dirk ryckbosch, 287.0
dmitry chirkin, 287.0
donglian xu, 287.0
doug f. cowen, 287.0
dustin hebecker, 287.0
dylan t. grandmont, 287.0
eike middell, 287.0
elisa bernardini, 287.0
elisa pinat, 287.0
elisa resconi, 287.0
elisabeth unger, 287.0
emanuel jacobi, 287.0
erik a. strahler, 287.0
erik blaufuss, 287.0
fabian clevermann, 287.0
feifei huang, 287.0
florian scheriau, 287.0
francis halzen, 287.0
frank mcnally, 287.0
g. binder, 287.0
gary c. hill, 287.0
gaurang b. yodh, 287.0
george s. japaridze, 287.0
georges kohnen, 287.0
gerald t. przybylski, 287.0
geraldina golup, 287.0
giuliano maggi, 287.0
glenn m. spiczak, 287.0
gonzalo merino arévalo, 287.0
gordana tesic, 287.0
gregory w. sullivan, 287.0
gösta kroll, 287.0
hagar landsman, 287.0
hans niederhausen, 287.0
hans-peter bretz, 287.0
