abd al karim haj ismail, 287
achim stößl, 287
ahmad omairat, 287
albrecht karle, 287
alessio tamburro, 287
alex olivas, 287
alexander kappes, 287
alexander stasik, 287
ali r. fazely, 287
allan hallgren, 287
anatoli fedynitch, 287
andreas groß, 287
andreas homeier, 287
andreas tepe, 287
angel h. cruz silva, 287
anna bernhard, 287
anna franckowiak, 287
anna kriesten, 287
anna obertacke, 287
anne schukraft, 287
anthony m. brown, 287
aongus starbuck ó murchadha, 287
arne schönwald, 287
arne van overloop, 287
asen christov, 287
aya ishihara, 287
azriel goldschmidt, 287
bakhtiyar ruzybayev, 287
basho kaminsky, 287
benedikt riedel, 287
benjamin eberhardt, 287
björn eichmann, 287
brian john christy, 287
carl pfendner, 287
carlos a. argüelles delgado, 287
carlos pérez de los heros, 287
carsten rott, 287
catherine de clercq, 287
chad finley, 287
chang hyon ha, 287
chris sheremata, 287
christian bohm, 287
christian spiering, 287
christian walck, 287
christopher h. wendt, 287
christopher n. weaver, 287
christopher wiebusch, 287
claudio kopper, 287
d. jason koskinen, 287
damian pieloth, 287
daniel bindig, 287
dariusz góra, 287
darren grant, 287
david altmann, 287
david berley, 287
david heereman, 287
david j. boersma, 287
david r. nygren, 287
david schultz, 287
david seckel, 287
david z. besson, 287
dawn r. williams, 287
debanjan bose, 287
dennis soldin, 287
dirk heinen, 287
dirk ryckbosch, 287
dmitry chirkin, 287
donglian xu, 287
doug f. cowen, 287
dustin hebecker, 287
dylan t. grandmont, 287
eike middell, 287
elisa bernardini, 287
elisa pinat, 287
elisa resconi, 287
elisabeth unger, 287
emanuel jacobi, 287
erik a. strahler, 287
erik blaufuss, 287
fabian clevermann, 287
feifei huang, 287
florian scheriau, 287
francis halzen, 287
frank mcnally, 287
g. binder, 287
gary c. hill, 287
gaurang b. yodh, 287
george s. japaridze, 287
georges kohnen, 287
gerald t. przybylski, 287
geraldina golup, 287
giuliano maggi, 287
glenn m. spiczak, 287
gonzalo merino arévalo, 287
gordana tesic, 287
gregory w. sullivan, 287
gösta kroll, 287
hagar landsman, 287
hans niederhausen, 287
hans-peter bretz, 287
