'maseka lesaoana, 1
(david) jing dai, 1
(max) zong-ming cheng, 1
(sophy) shu-jiun chen, 1
(zhou) bryan bai, 1
a clara kanmani, 1
a lun, 1
a min tjoa, 1
a s akshaya, 1
a'ang subiyakto, 1
a'fza shafie, 1
a'lishia bowman, 1
a'zraa afhzan ab rahim, 1
a-chuan hsueh, 1
a-hadi n. ahmed, 1
a-imam al-sammak, 1
a-long jin, 1
a-min zhong, 1
a-ming hao, 1
a-nasser ansari, 1
a-ning du, 1
a-peng liu, 1
a-qun deng, 1
a-ra cho, 1
a-ram choi, 1
a-rang jeong, 1
a-reum bae, 1
a-rom so, 1
a-rong kwon, 1
a-rum jun, 1
a-xing zhu, 1
a-yeon park, 1
a-youn park, 1
a-young cho, 1
a. (antti) siirtola, 1
a. (zizo) farrag, 1
a. a icazatti, 1
a. a'campo-neuen, 1
a. a. (louis) beex, 1
a. a. a. darwish, 1
a. a. a. kock, 1
a. a. a. nasser, 1
a. a. a. samat, 1
a. a. aaby, 1
a. a. abd el-aziz, 1
a. a. abd el-latif, 1
a. a. abd elaziz, 1
a. a. abd-allah, 1
a. a. abd-ellatif, 1
a. a. abdel kader, 1
a. a. abdel-aziz, 1
a. a. abdel-hamid, 1
a. a. abdel-raouf, 1
a. a. abdelhamid, 1
a. a. abdelrahman, 1
a. a. abdelwahab, 1
a. a. abdildayeva, 1
a. a. abdo, 1
a. a. abdul rahman, 1
a. a. abdurrab, 1
a. a. abimbola, 1
a. a. abo khadra, 1
a. a. abou-auf, 1
a. a. abouelsoud, 1
a. a. aboushady, 1
a. a. abuzneid, 1
a. a. adams, 1
a. a. adekunle, 1
a. a. adeleke, 1
a. a. adeniyi, 1
a. a. aderogba, 1
a. a. afifi, 1
a. a. agboola, 1
a. a. ageev, 1
a. a. aghakouchak, 1
a. a. agrawal, 1
a. a. ahmed, 1
a. a. akinduko, 1
a. a. akinin, 1
a. a. akopov, 1
a. a. al naamani, 1
a. a. al-ali, 1
a. a. al-falou, 1
a. a. al-kheir, 1
a. a. al-mallahi, 1
a. a. al-shaikhi, 1
a. a. al-tayyib, 1
a. a. alaa mohammed, 1
a. a. alazba, 1
a. a. albuquerque, 1
a. a. aldik, 1
a. a. aleinikov, 1
a. a. alexandris, 1
a. a. alexandrov, 1
a. a. alexanyan, 1
a. a. alexndrov, 1
a. a. alharbiy, 1
a. a. ali, 1
a. a. ali-sharief, 1
a. a. aliane, 1
